MEMBER_ID,MEMBER_NAME,MEMBER_PHONE,MEMBER_AGE,MEMBER_AMOUNT,M_COACH_ID,MEMBER_TIMING,MEMBER_GENDER
1,Lonnard Hillhouse,+62-523-668-8364,29,6000,132,14:18,Bigender
2,Engelbert Phippin,+371-807-581-4422,18,18000,382,8:47,Male
3,Jan Bolletti,+86-674-442-7076,19,9000,454,8:40,Male
4,Raviv Stirling,+62-427-507-0808,24,18000,10,11:19,Male
5,Olly Vannar,+1-812-962-2437,29,9000,279,16:07,Male
6,Petronia Pleace,+52-849-983-1626,43,9000,312,20:12,Female
7,Lind Hockell,+93-247-734-7315,47,7000,493,9:23,Female
8,Erich Elt,+381-753-671-0805,24,14000,360,14:38,Male
9,Lezley Eberlein,+48-554-412-1830,23,20000,403,20:39,Male
10,Robina Skellon,+62-183-969-4957,36,8000,392,7:43,Female
11,Vivia Huygen,+55-395-295-2597,11,14000,394,18:34,Female
12,Jefferson Ruston,+46-391-887-9766,61,17000,276,20:08,Male
13,Tomas Szymanowicz,+54-244-468-7897,14,9000,138,12:22,Male
14,Agneta Seward,+86-928-479-5190,62,14000,455,19:06,Female
15,Shannon Gabitis,+63-103-332-1937,42,19000,62,13:08,Male
16,Cherilyn Rodell,+46-122-678-8223,24,13000,186,9:43,Female
17,Haze Rotlauf,+62-759-430-8472,52,15000,243,8:07,Male
18,Bruce Wawer,+389-710-824-6686,51,10000,188,20:53,Non-binary
19,Gregoire Jallin,+7-841-685-8953,63,8000,45,13:24,Male
20,Torry Pass,+86-717-528-0540,12,11000,277,12:01,Male
21,Sharleen Dougan,+81-188-646-7990,32,19000,303,15:43,Female
22,Derick Egre,+60-697-861-8840,20,10000,434,7:16,Male
23,Betsy Murrock,+86-789-448-5366,61,13000,125,12:29,Female
24,Allie Flipsen,+232-447-296-4935,53,10000,74,19:11,Female
25,Konrad Skeggs,+57-376-245-0162,23,9000,262,11:51,Male
26,Jamie Filliskirk,+7-465-218-1747,35,11000,347,19:07,Male
27,Rand Valentelli,+86-160-235-7589,36,11000,330,10:37,Male
28,Missy Bortolomei,+86-303-808-9879,44,17000,136,17:11,Female
29,Nils Rendell,+1-262-922-4600,65,17000,228,18:33,Male
30,Genni Dews,+62-826-924-7385,8,6000,183,13:15,Female
31,Ruby Mallabone,+7-350-670-8245,53,7000,273,19:08,Male
32,Alyse Hebard,+62-656-779-2823,10,16000,355,7:53,Female
33,Onfroi Oswald,+86-450-826-0258,25,11000,235,12:03,Male
34,Westley Emblow,+86-259-366-6239,40,8000,227,7:11,Male
35,Bartholomeo Rops,+1-513-849-6881,40,12000,143,11:19,Male
36,Bowie Sainthill,+359-312-341-0106,9,6000,154,12:15,Male
37,Lenard Bowart,+256-542-690-2813,18,15000,462,10:36,Male
38,Natale Roddell,+55-207-381-2052,15,5000,161,18:42,Male
39,Alysia Moncreiffe,+1-140-405-3534,11,11000,238,15:21,Female
40,Isidro Gorrissen,+48-566-901-8123,15,15000,233,20:45,Male
41,Francyne Normavill,+49-598-336-3975,25,16000,47,19:26,Female
42,Talya Tenney,+86-418-955-8994,48,10000,196,14:00,Female
43,Darcy Novichenko,+375-340-497-0044,34,9000,471,18:03,Male
44,Moise Jurca,+256-639-855-3125,63,11000,395,18:15,Male
45,Cacilie Klimowicz,+86-280-830-5570,56,19000,428,11:11,Female
46,Griff Marusyak,+374-492-879-2855,40,12000,119,10:24,Male
47,Currie Paraman,+242-531-453-2754,11,9000,447,7:25,Male
48,Antonino Padefield,+57-764-563-6148,18,10000,76,13:12,Male
49,Roosevelt Caudwell,+86-149-416-7407,17,16000,167,14:16,Male
50,Rani Rubbens,+1-861-983-2004,26,5000,485,20:07,Female
51,Jermaine Bourley,+963-499-552-0000,33,18000,485,13:52,Male
52,Noel Basile,+86-492-703-7315,40,13000,304,10:51,Male
53,Cori Dimic,+46-109-784-9723,50,12000,438,15:15,Male
54,Kahaleel Gimert,+63-622-494-9171,43,15000,325,20:12,Male
55,Reinald Rosendahl,+353-548-879-7685,16,17000,51,7:16,Male
56,Bruno Longthorne,+62-219-953-3262,17,10000,478,20:36,Male
57,Spence Domenici,+86-138-987-7393,7,11000,122,20:12,Male
58,Vite Harly,+7-734-335-7634,53,8000,383,12:33,Male
59,Beryl Masterman,+86-424-704-1528,29,6000,287,16:02,Bigender
60,Hoyt McShirrie,+351-421-876-6929,57,7000,3,15:44,Male
61,Rudolph Brandes,+351-179-187-0405,42,8000,466,13:05,Male
62,Zulema Wrout,+63-405-126-9689,37,5000,339,8:02,Female
63,Kristofor Groucock,+380-257-865-0131,27,19000,45,16:42,Male
64,Matthias Jime,+389-689-235-2742,29,13000,337,8:10,Male
65,Akim Upton,+1-969-799-7007,48,14000,289,18:52,Male
66,Oliy Beine,+62-940-867-6568,7,16000,146,15:28,Female
67,Elsworth Dowers,+1-215-519-8210,52,7000,34,16:23,Male
68,Dynah Gatrill,+62-550-159-9371,15,13000,439,17:48,Female
69,Mose Claridge,+1-916-938-6872,42,10000,267,15:05,Male
70,Rosmunda Birchner,+86-833-676-6349,33,13000,62,18:23,Female
71,Bradly Kynan,+44-400-529-4389,55,12000,124,8:57,Non-binary
72,Garrick Bulgen,+63-511-222-8194,61,11000,428,15:04,Male
73,Jan Jerdan,+93-164-626-3215,48,10000,61,14:19,Female
74,Melisande McPike,+380-344-239-6520,14,15000,178,8:23,Agender
75,Holli Hoys,+970-833-309-8945,18,16000,253,19:05,Non-binary
76,Annabell Shimmings,+47-182-360-6367,8,6000,105,17:40,Female
77,Humfried Oller,+420-887-801-5022,15,7000,200,12:07,Male
78,Durante Swainston,+504-857-236-6154,21,7000,477,11:22,Male
79,Thurstan Danielsohn,+53-655-136-2215,41,19000,475,17:25,Male
80,Wendye Gidney,+55-808-970-3587,36,6000,384,13:43,Female
81,Nickolas Brandenberg,+46-899-697-4435,29,10000,342,17:26,Male
82,Loralee Quene,+7-223-202-8333,50,16000,85,13:38,Bigender
83,Rodolph Gopsall,+86-288-239-2909,57,13000,492,8:32,Male
84,Liesa McLaughlin,+62-484-763-5878,39,6000,499,20:11,Female
85,Herve Zanetto,+48-775-501-6206,21,20000,349,14:20,Male
86,Ambrosi Himsworth,+48-613-645-6439,29,15000,471,10:48,Male
87,Leia Gladwin,+30-495-823-6705,31,9000,443,7:29,Female
88,Hamil Siddele,+84-467-132-1674,57,17000,260,16:16,Male
89,Octavius Edlyne,+84-799-817-8796,58,11000,130,20:33,Male
90,Wynne Darwent,+62-851-752-1520,58,19000,364,20:40,Female
91,Teodor Tumayan,+234-457-199-8922,32,15000,361,11:25,Male
92,Lodovico Champain,+62-813-861-1928,43,18000,272,16:13,Male
93,Moises Cupitt,+62-569-923-9027,49,12000,381,16:13,Non-binary
94,Octavius Nono,+66-406-629-0554,7,18000,404,10:40,Male
95,Chrissy Duker,+86-429-473-2180,27,18000,250,9:53,Female
96,Israel Bedwell,+53-311-494-1718,8,18000,334,14:37,Male
97,Dion Casetti,+63-870-125-0741,62,5000,450,19:33,Female
98,Ardyth Edwardson,+52-683-764-3927,31,20000,362,8:00,Female
99,Wallis Wormleighton,+7-405-252-6018,45,17000,368,8:44,Male
100,Andrej Dowyer,+7-541-591-2356,10,9000,133,13:45,Male
101,Brett Kirkup,+93-834-939-3713,9,10000,188,9:26,Male
102,Westley Dankersley,+86-613-512-2187,39,7000,261,10:44,Male
103,Rhianon Costy,+994-106-239-9556,27,14000,125,18:38,Female
104,Madlin Danieli,+225-933-632-2357,24,18000,113,16:22,Female
105,Margaret MacAllen,+86-470-735-3263,55,18000,277,20:44,Female
106,Dacia Moxsom,+86-397-988-2988,24,13000,417,16:02,Female
107,Renata Clapham,+84-284-578-0313,55,10000,426,15:50,Non-binary
108,Dion Jovey,+33-608-749-2665,39,10000,241,16:02,Male
109,Edgar Kynd,+48-761-309-3738,12,10000,479,15:30,Male
110,Jillie Jahndel,+57-502-243-0497,51,11000,303,13:20,Polygender
111,Adriana Wellesley,+57-951-201-3815,23,8000,415,19:27,Female
112,Quill McAlinion,+1-435-916-6488,36,9000,131,15:19,Male
113,Zeke Mariel,+63-494-489-4722,22,13000,289,13:42,Male
114,Kettie Roisen,+264-933-680-3439,40,7000,158,20:27,Female
115,Bessy Andrez,+86-314-283-5767,32,12000,191,18:15,Genderqueer
116,Aliza Cristofaro,+86-253-926-9691,14,16000,321,14:48,Female
117,Jackqueline Diggons,+86-651-640-7067,65,9000,76,16:30,Female
118,Onida Branchflower,+7-293-886-9039,5,8000,310,7:02,Female
119,Moria Bouldon,+351-743-176-3672,17,16000,96,19:48,Genderqueer
120,Kaitlynn Poxson,+33-948-275-3943,37,10000,155,11:09,Female
121,Garnet Giovannacc@i,+7-847-421-6507,9,15000,53,14:44,Female
122,Shaylah Whyatt,+351-561-956-7331,10,10000,377,15:46,Female
123,Angeli Antoniazzi,+45-338-296-5060,31,8000,20,18:28,Polygender
124,Zita Stanlack,+86-823-753-6711,13,6000,460,20:30,Female
125,Jerrold Lineham,+62-654-496-5693,38,12000,208,19:59,Male
126,Kaja Hargrove,+48-755-636-4897,28,12000,190,12:33,Female
127,Marlo Giacopini,+63-227-368-3988,60,13000,199,18:18,Female
128,Emmett Coy,+62-965-413-0431,12,17000,405,12:34,Male
129,Hannie Milliken,+33-877-891-1020,33,19000,19,19:32,Female
130,Humfrey Paeckmeyer,+33-708-895-2193,23,19000,469,16:26,Male
131,Addi Wasbrough,+86-716-845-4727,64,6000,1,12:49,Female
132,Tobe Wash,+1-513-985-7545,53,10000,79,10:22,Female
133,Lola Crowley,+359-801-900-3767,56,15000,316,14:54,Female
134,Monroe Crowcombe,+33-432-430-7305,7,13000,329,13:24,Male
135,Lind Totterdill,+54-719-857-2493,65,10000,486,8:16,Male
136,Adelind Newing,+7-892-604-9955,25,12000,265,13:05,Female
137,Rolfe Shurman,+212-141-563-9082,49,13000,356,17:04,Male
138,Karlee Woolaston,+63-373-349-4459,13,7000,300,13:34,Female
139,Addi Huffey,+86-855-929-3136,63,8000,264,16:16,Female
140,Gregorius Ellicombe,+47-120-839-6510,38,17000,393,11:50,Male
141,Delora Genike,+62-208-673-5732,46,5000,495,20:42,Female
142,Rem Creer,+7-393-112-5351,61,17000,110,12:25,Male
143,Yasmin Blanshard,+86-859-566-1125,41,19000,35,15:44,Female
144,Theda Burbridge,+86-801-848-4851,51,17000,186,7:43,Female
145,Dunc Hinchcliffe,+33-361-874-8130,55,15000,471,11:20,Male
146,Una Pegrum,+63-313-562-2763,23,9000,260,20:53,Female
147,Evangeline Ellesworth,+57-391-443-2037,55,18000,422,8:32,Female
148,Port Eynon,+351-157-141-8792,57,11000,94,11:59,Male
149,Anders Orgill,+86-771-560-7082,44,11000,250,14:17,Male
150,Shelley Leetham,+62-572-718-9708,30,18000,248,10:45,Male
151,Keven Gulc,+7-357-177-5344,63,15000,372,11:34,Male
152,Vassily Trinke,+46-978-447-9094,29,10000,334,17:24,Male
153,Westbrook Dancey,+30-191-976-1857,13,12000,420,11:35,Male
154,Augusto Shillinglaw,+31-493-721-0397,24,10000,396,8:09,Male
155,Stephanie Railton,+86-790-414-5672,59,9000,444,18:44,Female
156,Shane Randal,+86-910-892-9852,47,17000,455,20:38,Agender
157,Quincy Isacke,+386-826-631-7408,9,8000,218,19:20,Male
158,Anna Suttling,+86-698-673-6521,30,20000,460,14:42,Female
159,Jazmin Ridsdell,+7-754-593-8857,65,19000,298,14:41,Non-binary
160,El Satchell,+33-575-281-9965,46,17000,431,13:37,Male
161,Guglielma Gyves,+86-423-434-7941,52,9000,346,7:30,Female
162,Barri Broadis,+358-502-678-9302,15,18000,446,9:11,Male
163,Rhody Allott,+58-867-298-1679,53,11000,242,19:09,Female
164,Gunter Fray,+86-758-557-8810,5,5000,123,10:51,Male
165,Benton Shurmer,+48-842-108-6346,32,18000,237,18:12,Male
166,Clevey McAuslan,+62-496-603-8316,7,19000,158,9:08,Male
167,Rollie Swainson,+420-988-341-2413,48,16000,280,12:59,Male
168,Marlon Farnall,+81-782-478-9428,40,5000,64,14:35,Male
169,Amie Willoughley,+374-483-871-1142,42,12000,388,11:28,Female
170,Phip Kellough,+62-437-658-4528,18,19000,1,19:18,Bigender
171,Charlton Sidden,+54-551-956-9906,61,20000,344,16:26,Polygender
172,Sibbie Bunyard,+86-782-679-4029,13,10000,134,16:15,Female
173,Emmery Houldin,+374-116-700-4066,15,10000,469,9:02,Genderqueer
174,Rutledge Coatsworth,+66-616-768-9112,50,13000,73,7:12,Male
175,Hewitt Toghill,+55-925-432-8242,29,15000,169,14:19,Male
176,Selinda Brady,+63-922-997-6992,36,7000,244,10:55,Genderqueer
177,Koral Sowten,+86-589-121-3981,44,13000,491,11:04,Female
178,Valentin Junifer,+377-944-282-6797,14,6000,448,18:35,Male
179,Hestia Oiller,+509-515-974-1117,63,9000,472,13:09,Female
180,Marijn Saddington,+86-733-670-0479,65,16000,151,17:48,Male
181,Coretta Battin,+385-128-291-5158,27,13000,475,12:11,Bigender
182,Aguie Kiddy,+30-691-338-2054,56,12000,421,12:22,Male
183,Pyotr Swinn,+66-683-960-1523,61,8000,7,7:39,Male
184,Wally Nelligan,+86-848-805-9877,16,14000,120,19:01,Male
185,Hugh Spurway,+46-292-564-4538,18,8000,464,15:05,Male
186,Nelie Osbourne,+66-927-406-9290,9,7000,42,9:32,Bigender
187,Sid Mathivon,+98-884-767-4258,36,7000,487,18:00,Male
188,Stefania Doey,+62-780-300-0078,35,11000,227,14:34,Female
189,Man Leebeter,+62-882-397-9870,26,7000,219,11:06,Male
190,Lynnette Stannis,+351-155-361-6160,38,11000,259,19:32,Female
191,Chancey Geraldi,+7-854-266-3660,27,17000,99,12:55,Male
192,Fonsie Groucutt,+62-900-473-3526,40,8000,87,20:22,Male
193,Rosette Dowey,+55-716-555-5930,23,15000,500,8:03,Female
194,Damaris Geindre,+62-788-195-8032,61,14000,335,11:21,Female
195,Tallia Eastmead,+33-789-253-3840,30,17000,367,20:04,Female
196,Concettina Paddon,+963-536-791-4330,16,16000,19,13:04,Agender
197,Hagan Hullbrook,+1-255-727-4307,7,12000,52,14:06,Male
198,Normand Hamal,+353-275-166-0382,31,9000,85,11:15,Male
199,Waldemar Hiscoke,+33-402-437-4580,13,11000,226,15:02,Male
200,Kyrstin Cluet,+63-171-394-7213,64,15000,306,16:48,Female
201,Grayce Axtell,+62-282-244-5764,42,8000,229,12:56,Bigender
202,Baudoin Lydon,+62-638-924-5956,60,15000,94,13:45,Male
203,Inger Danit,+55-221-992-4668,62,6000,431,20:13,Male
204,Adelind Tzuker,+52-450-217-7788,58,17000,460,20:28,Female
205,Cris O'Hogertie,+86-878-637-2268,26,15000,134,9:33,Female
206,Kitty Birrane,+267-737-510-7800,33,13000,435,16:45,Female
207,Portia Shackle,+86-837-691-2634,40,13000,174,8:39,Female
208,Karee Tedstone,+30-467-630-4806,47,11000,170,19:26,Female
209,Kaleb Bunton,+86-268-997-5211,18,10000,140,13:06,Male
210,Andie Joesbury,+66-515-332-6814,32,13000,350,19:23,Male
211,Westbrooke Dufore,+86-360-256-6857,15,20000,137,14:06,Male
212,Henrietta Lamball,+212-726-463-1020,52,12000,126,7:28,Female
213,Kristofor Heinrich,+52-815-129-2345,53,12000,311,9:16,Male
214,Ynez Reade,+81-973-612-9024,28,19000,63,15:06,Female
215,Ginni Branton,+86-321-727-5435,8,8000,154,9:42,Female
216,Stefan Castro,+381-548-509-3450,10,6000,53,16:05,Male
217,Leontine Betz,+55-733-123-4626,30,5000,284,18:41,Female
218,Collin Severy,+7-299-750-9410,55,15000,408,19:51,Male
219,Hilary Jedrzaszkiewicz,+351-549-602-0438,58,7000,282,16:24,Female
220,Carina Snare,+48-560-381-7083,37,14000,36,9:28,Female
221,Kyle Coates,+86-724-368-9878,27,15000,171,17:01,Male
222,Krystalle Duchenne,+62-708-517-1040,6,17000,68,19:34,Female
223,Rod Rickesies,+7-156-493-8416,6,10000,355,16:35,Male
224,Darcey Loukes,+62-501-851-7916,13,18000,52,15:39,Female
225,Neddie Burnsall,+1-402-648-5768,48,10000,358,19:41,Male
226,Amble Earles,+241-400-559-6788,17,15000,76,9:45,Male
227,Adrianne Venditto,+54-707-102-7282,14,9000,45,7:16,Female
228,Lanette Bruhke,+55-151-481-3015,16,14000,419,11:23,Female
229,Sammie Petracco,+504-435-318-0740,19,7000,185,12:28,Male
230,Arlette Carss,+81-776-936-5985,11,17000,298,14:10,Female
231,Burnard Lendon,+381-872-810-9416,28,14000,41,11:33,Non-binary
232,Charmian Hilling,+1-964-106-5573,42,16000,452,17:59,Agender
233,Lionel Clissett,+86-446-116-3221,32,19000,344,19:04,Male
234,Waverly Fontel,+86-861-145-5534,36,12000,25,12:52,Male
235,Esther McNickle,+86-618-816-5863,52,13000,376,11:25,Female
236,Tate Bocken,+92-999-965-1626,39,18000,88,17:46,Female
237,Gery Currao,+62-784-103-5907,62,12000,11,18:19,Male
238,Wilbur Ruusa,+63-314-269-0421,45,17000,379,9:22,Male
239,Ofella Childerhouse,+54-225-236-7941,36,7000,186,7:56,Agender
240,Liv Durn,+86-343-836-3109,18,7000,464,15:38,Female
241,Dorothea Maus,+1-915-250-5438,10,11000,392,20:32,Genderqueer
242,Jarad Airdrie,+62-865-770-9222,18,5000,397,11:23,Male
243,Merna Jerman,+420-663-344-4442,32,20000,142,16:49,Female
244,Aharon Thomann,+55-408-812-4590,54,7000,391,17:09,Male
245,Barnie Ropkins,+34-102-635-1990,26,19000,341,11:10,Male
246,Axe Girod,+7-591-363-0463,30,17000,169,12:03,Male
247,Natty Trippack,+66-667-417-4964,41,16000,217,18:44,Male
248,Les Abrashkov,+7-109-456-9098,36,5000,279,11:45,Male
249,Mylo Dunnan,+86-524-301-8473,17,19000,416,10:02,Male
250,Ken Barhams,+86-795-536-0287,14,12000,411,15:59,Male
251,Pacorro Bohlens,+353-351-205-0513,18,5000,59,7:24,Male
252,Worden Ohms,+62-631-795-2389,18,19000,246,12:56,Male
253,Stafani MacClure,+52-606-886-9388,6,16000,212,17:21,Female
254,Melvyn Jendrys,+7-262-908-5469,29,10000,79,12:31,Male
255,Ailbert Brevitt,+234-826-668-6062,50,5000,132,13:53,Male
256,Wernher Yerrell,+62-636-623-0592,56,19000,282,16:38,Male
257,Nicolais Addess,+63-768-939-8757,47,20000,53,16:44,Male
258,Udall Coghlin,+386-963-240-3324,55,6000,376,12:56,Male
259,Wheeler Gravet,+62-687-343-4323,31,17000,213,14:16,Male
260,Belvia Chenery,+86-946-197-9136,41,20000,477,10:51,Female
261,Colver Laurenz,+7-977-353-1370,37,9000,411,16:34,Male
262,Amalle Nesterov,+383-668-907-6722,65,9000,143,16:48,Genderfluid
263,Gray Giacopini,+62-153-271-4113,9,18000,332,10:49,Female
264,Hestia Coombs,+62-340-465-4542,25,10000,135,13:25,Agender
265,Verena Spybey,+7-243-381-7246,26,8000,404,20:12,Female
266,Rafael Diem,+86-762-162-3926,17,14000,97,17:54,Male
267,Ainslie Hentzer,+60-850-479-5431,61,14000,314,8:50,Female
268,Nicolai Lavers,+63-646-330-5205,49,15000,35,17:26,Male
269,Marillin Reddick,+36-125-119-4889,6,19000,371,10:42,Female
270,Walt Driscoll,+33-805-461-8297,17,18000,225,8:04,Non-binary
271,Dorian Rapson,+62-351-428-7911,58,15000,331,15:18,Male
272,Judith Skrine,+55-542-358-2669,61,10000,482,17:13,Female
273,Gusta Ambrozik,+92-751-604-4139,9,20000,334,12:45,Female
274,Stavros Parkhouse,+232-522-521-2334,17,5000,429,16:04,Male
275,Alford Bonnefin,+502-167-722-0408,9,11000,322,11:53,Male
276,Tobye Colwell,+62-850-581-1607,15,9000,20,18:31,Female
277,Neile Hakonsen,+86-284-856-7648,45,18000,409,15:18,Polygender
278,Angeli Whelband,+62-164-815-0245,15,17000,217,17:22,Male
279,Simona Cristofor,+420-785-933-8121,18,13000,58,19:48,Female
280,Joseph Kenlin,+93-646-528-4151,32,12000,158,16:55,Bigender
281,Fonsie Gouthier,+63-685-497-8393,58,16000,330,16:16,Agender
282,Kim Mordan,+94-360-876-6868,41,16000,110,7:34,Male
283,Boyce McGrail,+86-916-311-4618,36,16000,295,15:18,Male
284,Sherlocke Pleat,+62-532-173-2078,45,15000,68,13:52,Male
285,Olly Po,+55-150-634-5250,20,10000,39,12:56,Male
286,Wilbur Blabie,+62-235-323-1049,59,8000,281,18:15,Male
287,Emmalyn Hackworthy,+86-406-154-6341,38,11000,206,15:29,Female
288,Ettore Embery,+7-796-635-1908,65,19000,255,14:28,Male
289,Marty Stanner,+81-530-985-6787,18,19000,468,15:10,Female
290,Demeter Fermoy,+507-127-673-6093,59,13000,451,17:13,Female
291,Lee Toomey,+48-392-331-3038,57,9000,439,10:33,Female
292,Claudelle Jonuzi,+86-808-255-2304,52,15000,62,20:21,Female
293,Barty Napolitano,+86-293-605-7962,18,14000,319,17:24,Male
294,Reuben Pritty,+33-361-515-5232,37,17000,400,14:47,Male
295,Donal Van der Daal,+972-662-512-0102,55,5000,42,19:16,Male
296,Avigdor Bertie,+55-826-644-5490,26,9000,297,11:07,Male
297,Worth Oleszcuk,+62-102-930-0569,25,6000,272,12:33,Male
298,Edward Dodwell,+63-221-944-0656,50,5000,348,13:37,Male
299,Jacquelynn Kubacki,+86-695-736-6241,49,17000,8,11:34,Female
300,Corliss Falconer-Taylor,+27-292-218-9784,7,8000,463,17:00,Female
301,Megan Vittori,+375-470-146-3390,55,16000,436,14:52,Genderqueer
302,Madelena Glassup,+63-570-279-6712,59,12000,64,11:57,Female
303,Eimile Brendeke,+995-387-107-2111,31,14000,185,12:39,Female
304,Rose Kupis,+48-242-220-4308,27,15000,52,13:34,Female
305,Nat Lockley,+63-708-962-7264,61,10000,161,7:51,Female
306,Fleming Gentry,+240-961-581-0808,61,9000,353,12:50,Bigender
307,Jillane Bagby,+86-431-475-6801,17,7000,139,20:52,Female
308,Brooks Sommerscales,+64-841-769-2432,54,14000,115,10:29,Male
309,Vassily Jamme,+7-634-739-8549,44,15000,135,20:30,Male
310,Emeline Gerson,+86-461-250-7443,42,17000,284,20:12,Female
311,Leanor Hinckes,+502-683-538-2691,33,13000,12,18:32,Female
312,Regan Duce,+251-725-823-7941,24,8000,223,12:50,Female
313,Catarina Tamblingson,+268-350-923-4887,16,17000,360,19:09,Female
314,Reynard Scolli,+351-789-195-5568,31,15000,439,14:41,Male
315,Hyatt Kopf,+33-921-731-3548,22,11000,323,12:44,Male
316,Bartel Plewman,+57-258-941-7861,23,14000,128,10:53,Polygender
317,Emmye Howe,+33-524-509-3343,48,20000,241,16:32,Female
318,Codie Bodle,+48-135-945-0053,63,20000,426,7:53,Male
319,Amanda Fenney,+47-526-242-0884,24,13000,260,17:21,Genderfluid
320,Catlee Maides,+86-131-694-1770,54,13000,144,7:39,Female
321,Sonia Skeats,+57-407-156-8550,64,12000,7,11:37,Female
322,Aidan Brando,+81-662-820-9060,18,8000,334,12:24,Female
323,Brear Izkovici,+81-320-218-5427,9,11000,333,15:02,Female
324,Dorthea Belone,+359-533-463-6225,50,13000,301,13:55,Female
325,Arri Glasman,+62-487-171-6860,45,14000,89,15:44,Male
326,Svend Bernaciak,+48-452-195-8320,42,20000,46,11:38,Male
327,Cristine Bushe,+86-599-467-9128,19,7000,32,7:52,Female
328,Bethena Woolfitt,+33-776-248-5182,15,15000,328,13:41,Female
329,Scarface Gutherson,+33-996-830-4432,7,11000,461,14:59,Male
330,Jedd Firmager,+46-881-215-7586,5,17000,370,19:27,Male
331,Karole Chessun,+1-222-123-6578,42,9000,304,12:19,Genderfluid
332,Rutter Dawbury,+255-873-259-2772,45,14000,50,16:13,Male
333,Timi Stoneley,+86-812-948-7671,25,7000,224,12:25,Female
334,Hersch Drage,+351-760-866-1206,21,11000,485,19:02,Male
335,Colet Liggons,+86-905-319-8701,14,8000,118,13:59,Polygender
336,Burlie Malby,+7-772-794-9128,17,10000,369,9:46,Male
337,Giles Stubbert,+63-232-340-0085,46,17000,290,13:13,Male
338,Beale Turri,+380-885-468-8494,47,19000,383,19:05,Male
339,Beauregard Josuweit,+351-943-244-1006,46,6000,349,17:48,Male
340,Marwin Millom,+970-663-576-0213,65,9000,291,17:38,Male
341,Cheston Gresch,+86-801-761-5760,27,5000,277,16:33,Genderqueer
342,Rem Longhurst,+380-975-274-5478,14,18000,420,8:02,Agender
343,Cristionna Lynam,+86-369-783-5208,61,7000,169,9:36,Female
344,Corene Duffett,+7-871-556-6910,7,13000,359,11:50,Female
345,Quinton Crocetto,+963-318-672-0839,57,6000,248,7:16,Male
346,Stillman Mattiazzi,+1-786-287-8837,52,8000,29,11:13,Male
347,Lydon Fiddeman,+993-320-597-4726,37,12000,51,12:35,Male
348,Sydney Walkowski,+46-478-274-8188,8,18000,6,15:50,Female
349,Silvio Courtese,+234-569-245-8094,62,12000,131,13:06,Male
350,Aldous Caistor,+66-546-124-7782,65,8000,180,13:02,Male
351,Mattheus Ambrozik,+420-303-423-3071,63,15000,481,7:10,Male
352,Quintana Renner,+86-514-360-1665,31,20000,56,19:07,Female
353,Meryl Livoir,+55-884-486-6361,57,6000,397,16:13,Female
354,Marysa Cumo,+33-871-549-3388,42,20000,429,14:01,Female
355,Lorrin Travers,+55-427-294-0767,20,10000,472,17:58,Female
356,Emmery Rentalll,+86-540-986-2108,30,10000,462,9:39,Male
357,Northrop McCotter,+86-535-970-1110,59,11000,90,8:35,Male
358,Mathe Gerry,+62-167-731-3090,63,11000,255,11:21,Male
359,Christyna Reskelly,+51-628-738-9488,31,17000,92,7:22,Female
360,Ferrel Batterham,+86-711-872-5905,63,12000,147,7:36,Genderfluid
361,Martie Raybould,+46-432-825-5870,63,7000,240,10:18,Male
362,Rik Iacoboni,+212-937-769-0238,48,12000,213,16:06,Male
363,Rocky Escofier,+62-299-408-4941,29,13000,188,14:05,Male
364,Frants Innman,+63-883-108-7338,10,17000,154,14:25,Male
365,Giulia Allanson,+81-808-820-0105,64,5000,169,8:17,Genderqueer
366,Antonetta Koppens,+57-387-248-4932,56,6000,358,7:49,Female
367,Nomi Jocic,+351-938-491-4578,54,17000,382,18:13,Female
368,Rosemonde Godin,+351-153-576-5879,65,9000,11,20:59,Female
369,Gilli Andreucci,+33-166-180-6946,54,15000,210,18:15,Female
370,Garwood Salvadori,+51-628-392-4728,30,14000,164,7:30,Male
371,Marlin Fishley,+63-266-783-6318,29,18000,52,11:43,Male
372,Dorey McCuis,+7-196-554-5203,53,12000,234,14:35,Male
373,Marcela Reggler,+63-604-723-8766,24,12000,242,13:50,Female
374,Marsha Steiner,+351-340-707-4373,51,19000,26,13:48,Female
375,Kaleb Angrove,+86-372-188-4222,25,17000,159,18:07,Male
376,Guy Sarll,+33-341-141-3508,26,13000,245,14:53,Male
377,Lionel McIlenna,+7-423-224-1333,36,18000,101,12:35,Male
378,Kristoffer Straw,+355-532-106-8743,22,7000,61,17:27,Male
379,Codi Althorp,+970-965-723-0505,52,6000,96,16:11,Female
380,Jorry Goad,+86-962-349-3917,31,11000,124,9:51,Female
381,Silvia Elsegood,+226-197-385-0878,50,9000,215,7:35,Genderqueer
382,Janeva Geffcock,+86-804-166-4353,52,10000,163,11:46,Female
383,Gregor Heyward,+55-554-624-6172,24,7000,331,17:49,Male
384,Hedwig Oswell,+255-544-241-3835,63,6000,457,8:18,Bigender
385,Teddy Addionizio,+86-183-234-6455,44,18000,482,16:36,Male
386,Ransell Noell,+86-885-219-0762,56,19000,351,12:29,Male
387,Darsey Wofenden,+86-226-897-7544,44,10000,492,19:13,Female
388,Loren Minchella,+375-128-202-3323,48,13000,16,18:52,Female
389,Gill Aldritt,+1-922-300-8273,8,7000,70,13:28,Female
390,Ajay Lynagh,+420-718-168-6805,64,20000,97,20:15,Genderfluid
391,Clemmie Deakins,+7-269-304-3467,54,13000,21,15:09,Male
392,Northrop Morton,+86-512-515-5400,12,19000,476,16:00,Male
393,Christyna Maps,+86-486-303-8338,56,9000,449,8:45,Female
394,Massimiliano Farndon,+1-114-433-6082,35,11000,294,13:23,Male
395,Guillema Sambedge,+62-650-196-3151,14,13000,20,10:47,Female
396,Codie Pohling,+254-721-481-5961,54,9000,7,16:24,Female
397,Wade Borrett,+880-971-409-2658,17,11000,281,14:49,Male
398,Howey Rosebotham,+63-367-332-1176,46,18000,478,19:47,Non-binary
399,Harry Corderoy,+30-193-629-0400,44,6000,285,16:42,Male
400,Doe Tessier,+86-944-408-9892,28,16000,226,16:50,Female
401,Erda Burchett,+1-825-139-8987,8,17000,38,20:14,Female
402,Miguela Skule,+46-509-502-7650,65,9000,421,18:22,Female
403,Chariot Tyce,+218-449-159-3892,39,14000,336,15:03,Male
404,Caroljean Ducker,+48-910-654-2141,13,10000,278,17:18,Polygender
405,Dehlia Trundell,+86-204-293-7857,49,9000,14,8:17,Female
406,Urbain Beinisch,+86-953-402-5726,5,13000,496,9:43,Male
407,Devi Klicher,+47-546-738-9718,57,8000,366,11:24,Female
408,Olwen Farrah,+86-771-479-4798,53,6000,500,14:11,Female
409,Pamela Zimek,+95-211-249-3943,26,7000,216,17:15,Female
410,Jens Maggill'Andreis,+55-771-212-0295,31,8000,368,13:21,Male
411,Salem O'Cleary,+27-655-981-0926,37,17000,280,13:21,Male
412,Godfry Reignolds,+63-516-611-1176,53,13000,321,18:11,Male
413,Ariel Skingley,+353-684-667-3693,37,8000,154,11:59,Male
414,Jeannine McHardy,+62-416-867-7126,37,13000,173,13:00,Genderqueer
415,Ezri Midgley,+36-574-658-5925,19,10000,226,20:38,Agender
416,Nert Rapier,+48-897-139-8809,43,9000,167,19:27,Female
417,Miller Barrie,+31-898-361-2255,27,6000,75,20:27,Male
418,Orsa Witard,+358-272-863-1602,13,14000,31,12:15,Agender
419,Colline McParland,+55-205-829-8527,54,17000,125,7:24,Female
420,Hube Kelwick,+86-321-682-7886,32,13000,210,16:34,Male
421,Randolph Simoni,+51-839-605-6097,15,16000,80,18:46,Male
422,Massimo Skea,+389-577-907-5111,25,11000,401,15:58,Male
423,Deirdre Willshere,+1-757-149-2124,7,15000,266,11:03,Female
424,Hunt Keyson,+33-156-846-0795,23,20000,299,9:41,Male
425,Anabel Betham,+63-848-907-9051,18,18000,69,13:05,Female
426,Diane Torry,+62-186-629-2607,39,19000,123,13:40,Female
427,Violette Arnli,+62-937-276-4204,51,8000,288,10:20,Female
428,Wynn Rocks,+504-427-180-1852,24,18000,34,17:40,Female
429,Cosette Daltrey,+86-100-295-0919,38,10000,327,15:26,Female
430,Mark Skocroft,+46-435-947-2216,48,8000,103,20:01,Male
431,Sisile Blethyn,+62-214-250-1672,5,16000,242,16:25,Female
432,Thaddeus Minot,+230-460-980-2627,12,12000,331,16:56,Male
433,Monro Henker,+7-976-319-0070,12,14000,207,7:18,Male
434,Ancell Giorgeschi,+420-857-138-5607,53,17000,408,17:44,Male
435,Jewell Iohananof,+62-933-312-3372,21,10000,188,12:35,Female
436,Duncan Castillo,+62-467-272-8337,32,5000,437,16:34,Male
437,Daphna Vise,+46-576-666-5774,30,12000,163,12:18,Female
438,Phyllis Dodell,+86-538-449-6476,10,15000,54,9:15,Female
439,Gerik Thurske,+1-202-866-9162,40,6000,426,14:25,Male
440,Alanah Dyerson,+1-588-594-7433,55,16000,338,12:40,Female
441,Boigie Hammelberg,+81-514-770-6274,44,8000,250,11:53,Male
442,Michail Pickerill,+86-983-177-9359,52,6000,52,9:31,Male
443,Tuckie Rampley,+7-626-452-9975,23,15000,143,14:35,Male
444,Cobbie Rainforth,+7-895-319-4698,9,9000,423,12:52,Male
445,Hersch Cruikshank,+48-977-395-1481,31,10000,140,9:31,Male
446,Enos Rebeiro,+86-505-933-0609,44,14000,482,9:23,Male
447,Allissa Timmins,+63-707-426-6979,61,9000,441,15:57,Female
448,Charlton Silly,+7-816-789-6185,41,9000,107,11:22,Non-binary
449,Eloise Fowls,+27-196-898-4148,18,10000,339,12:42,Female
450,Angelico Pedrol,+1-979-490-2576,36,11000,459,19:05,Male
451,Olimpia McCotter,+62-406-416-9890,44,13000,83,13:49,Female
452,Sammie Roma,+62-699-981-8839,61,15000,351,10:48,Male
453,Claiborne Bickerstasse,+7-866-579-6434,21,12000,307,14:12,Male
454,Horatia Jowitt,+992-256-343-6473,6,10000,50,10:40,Female
455,Tabbi Neiland,+389-155-112-5887,20,13000,406,8:35,Female
456,Homer Chrystal,+63-193-981-7333,17,11000,444,19:35,Genderqueer
457,Terza Ahlin,+86-235-963-4805,32,9000,336,10:05,Female
458,Pollyanna Sherme,+86-356-711-4060,18,6000,374,8:02,Female
459,Selena Ciabatteri,+60-278-446-9813,65,13000,486,9:00,Female
460,Steward Bruffell,+507-163-515-9743,28,13000,360,17:16,Male
461,Rhonda Goundry,+351-357-443-5455,46,9000,491,20:56,Non-binary
462,Shaun Bonham,+86-273-937-8094,6,8000,362,16:08,Female
463,Ganny Lofts,+48-474-548-2106,42,12000,56,13:24,Male
464,Sophronia Mc Caghan,+62-474-416-0190,12,14000,247,8:28,Bigender
465,Marcellina Sealey,+86-834-616-5140,41,10000,363,12:39,Female
466,Hamid Isack,+55-751-504-5286,33,8000,182,7:12,Male
467,Yevette Baudassi,+62-637-635-3415,58,12000,125,12:44,Female
468,Tam Miroy,+351-562-239-5521,7,7000,371,8:04,Male
469,Beltran Gilfoyle,+7-359-779-4649,5,14000,257,15:21,Male
470,Serene Spinozzi,+60-471-827-2085,34,18000,432,19:24,Female
471,Salomon Cawt,+62-880-699-3389,57,8000,135,10:14,Male
472,Ralph Crystal,+46-913-863-0949,9,19000,91,8:31,Male
473,Gennifer Aldis,+86-332-969-6184,16,7000,243,14:37,Female
474,Gino Shuttell,+55-554-386-4050,48,11000,392,20:11,Male
475,Darleen Louder,+81-473-181-4317,26,12000,236,9:28,Female
476,Clay Bullene,+86-439-274-1508,59,11000,302,17:49,Male
477,Carleton MacNeilley,+975-639-186-4440,60,19000,79,8:56,Male
478,Jannelle Seth,+503-632-667-6931,43,18000,41,14:50,Female
479,Dickie Covey,+86-174-292-2850,45,14000,184,18:24,Non-binary
480,Ronnica Kamiyama,+420-611-767-3058,10,11000,215,17:28,Female
481,Adorne Weddeburn,+355-855-981-3100,7,13000,69,7:35,Female
482,Jesse Shovlin,+55-265-498-6442,51,10000,281,9:18,Non-binary
483,Carlo Sabbin,+7-610-540-8379,58,7000,425,7:08,Male
484,Sheelah Forbes,+62-135-551-6488,39,12000,4,13:18,Female
485,Hamel Robottham,+66-129-247-5786,29,16000,328,11:33,Male
486,Nora Matthessen,+48-976-228-8057,49,8000,452,13:44,Female
487,Elisabetta Stefanovic,+53-699-910-9829,5,17000,287,15:09,Female
488,Alexandros Mullaney,+86-591-873-2912,63,18000,278,10:18,Genderfluid
489,Hedvige Verma,+86-192-378-6658,45,15000,296,19:51,Female
490,Karon O'Kinedy,+55-619-367-5441,49,13000,72,15:19,Female
491,Ancell Gladwell,+420-899-252-3415,8,8000,48,8:05,Male
492,Kirsten Kewish,+66-402-605-7492,42,13000,266,8:19,Female
493,Libby Bromilow,+81-755-999-2771,38,15000,447,17:15,Female
494,Bentlee Aldham,+48-761-481-6164,32,7000,241,15:35,Male
495,Elias Arndt,+51-890-543-4902,6,7000,293,7:57,Male
496,Kip Auld,+48-980-901-1528,51,20000,208,8:38,Male
497,Jimmie Peoples,+86-226-226-6718,61,10000,68,19:22,Male
498,Julieta Gyorgy,+51-473-358-4175,46,15000,168,11:59,Female
499,Laural Belvin,+33-672-258-7587,57,8000,375,9:30,Female
500,Redford Jaggs,+54-706-234-5968,29,10000,500,14:30,Male
501,Creight Walsom,+380-526-841-7429,37,13000,286,10:08,Male
502,Andromache Harses,+63-109-479-4540,9,19000,498,19:03,Female
503,Warden Bewsey,+30-146-367-8271,65,14000,391,15:52,Non-binary
504,Sully Liger,+62-911-878-3050,36,7000,97,9:15,Male
505,Portia Gallanders,+86-249-276-9870,41,15000,62,19:35,Female
506,Boniface Elsegood,+86-513-203-5008,53,16000,59,13:07,Male
507,Norry Vanne,+86-396-619-0750,40,12000,78,17:25,Male
508,Albertina Bilbrook,+62-445-795-1101,58,13000,213,9:36,Female
509,Bibbie Nealey,+7-978-236-9181,21,6000,397,9:54,Non-binary
510,Jackelyn Le Grove,+86-275-677-4094,60,6000,371,9:42,Female
511,Dena Muzzullo,+48-358-480-0599,62,7000,238,7:31,Female
512,Elvyn Alenin,+55-628-801-8113,17,5000,46,13:26,Male
513,Leslie Heinle,+7-115-133-3707,61,11000,96,16:50,Female
514,Emeline Snipe,+63-865-459-4078,29,11000,315,20:35,Female
515,Kenyon Phillpotts,+51-472-854-2850,42,11000,164,8:02,Male
516,Jase Amoore,+30-626-659-4389,52,20000,487,17:32,Male
517,Mariquilla Idill,+62-497-742-7996,12,12000,435,10:25,Female
518,Ted Brandle,+52-154-904-0363,9,10000,265,16:01,Male
519,Rossy Berntssen,+599-714-153-1948,16,6000,56,20:38,Male
520,Ingunna Harvard,+967-149-253-1972,15,17000,328,10:42,Bigender
521,Chevy Greyes,+86-485-782-3227,21,16000,101,9:47,Genderqueer
522,Anatole McNair,+502-190-323-3179,6,17000,373,9:46,Male
523,Ludvig Kapiloff,+86-225-162-0721,28,11000,306,8:31,Male
524,Winfield Anwyl,+86-602-327-7437,53,18000,457,11:20,Male
525,Alys Drennan,+95-311-443-3020,34,10000,33,10:41,Genderfluid
526,Jonie Cullivan,+84-356-126-4162,15,14000,142,7:32,Female
527,Sheff Theurer,+62-521-418-2237,52,10000,88,17:12,Polygender
528,Ange Davidofski,+86-320-235-3536,21,8000,447,20:14,Female
529,Hieronymus Rowet,+33-582-894-8603,11,18000,452,12:50,Male
530,Deerdre Buncom,+55-893-502-2698,60,12000,491,9:11,Female
531,Kerwinn Griffith,+81-884-190-9723,59,11000,52,17:28,Male
532,Noam Fuxman,+380-120-624-0265,11,18000,24,16:26,Male
533,Gerry Hackleton,+33-734-448-8095,22,12000,172,14:14,Male
534,Arin Foyster,+63-553-672-3082,30,18000,357,15:06,Male
535,Felicle Wollen,+372-150-734-3418,22,19000,422,17:01,Female
536,Mufinella Kneel,+351-106-274-5452,7,10000,72,15:39,Female
537,Ezechiel Ambrogi,+351-215-338-5351,55,17000,251,18:31,Male
538,Darsey Pinches,+86-312-472-3420,36,7000,225,20:38,Agender
539,Natal Holde,+86-162-373-9793,14,18000,169,18:06,Male
540,Rozalin Menilove,+380-857-379-0581,12,19000,141,8:15,Female
541,Galen Winney,+244-676-132-0699,8,20000,53,20:05,Male
542,Dominique Razzell,+55-631-837-1937,31,14000,476,14:25,Female
543,Blanca Bartholomaus,+54-200-993-7588,45,17000,340,11:07,Female
544,Marieann Coniff,+502-127-789-8755,35,7000,257,18:31,Female
545,Ambrose Cerman,+86-344-310-8644,55,9000,196,13:04,Male
546,Evy Kordova,+62-241-615-6823,29,12000,282,18:49,Agender
547,Ode Woofinden,+33-459-198-2879,35,10000,335,14:18,Male
548,Natalie Rouge,+57-886-897-7066,15,6000,477,19:34,Female
549,Alexio Fuidge,+46-205-402-6360,54,14000,139,18:46,Male
550,Lyle Haldon,+53-819-360-4073,41,16000,416,19:36,Male
551,Susannah Arends,+93-338-110-8948,15,16000,210,20:58,Female
552,Hugibert MacAlister,+86-805-401-0286,20,15000,60,16:42,Male
553,Morty Skain,+598-430-241-1644,5,19000,441,9:33,Male
554,Domenico Burnsell,+66-569-836-7819,44,18000,246,16:48,Male
555,David Amaya,+86-332-220-3770,7,7000,64,11:33,Male
556,Knox McWhan,+86-724-773-1062,19,10000,383,16:47,Male
557,Carmen Ulyet,+55-932-859-0078,7,15000,304,19:16,Female
558,Camile Stuehmeier,+7-860-159-6004,8,17000,349,14:35,Female
559,Gertie Ezele,+242-573-407-2068,13,12000,265,14:25,Genderfluid
560,Missie Tipler,+62-227-345-4976,24,9000,283,11:45,Female
561,Jo-anne Kermon,+7-271-423-5547,64,9000,124,19:34,Female
562,Brandtr Blaxall,+994-143-391-5520,13,19000,56,11:52,Male
563,Herta Jellico,+86-628-610-9835,56,8000,280,20:01,Female
564,Christean Geraudel,+387-678-781-7375,12,10000,268,19:56,Genderfluid
565,Clemmy Lurcock,+62-351-292-9295,55,19000,42,10:54,Male
566,Dougie Lauder,+86-622-112-6530,11,9000,104,16:25,Genderqueer
567,Walther Blenkinsopp,+86-755-863-7446,28,5000,472,8:50,Male
568,Nollie Whapples,+66-645-820-8746,9,14000,75,9:59,Male
569,Biddy Benech,+86-709-749-6670,7,18000,288,18:21,Non-binary
570,Tatiana Ondrasek,+86-453-631-1141,6,11000,110,19:51,Genderfluid
571,Juliann Goodsell,+505-630-226-3314,22,13000,411,19:10,Female
572,Stillmann Le Pine,+86-660-238-5736,28,11000,257,12:35,Male
573,Fayette Verchambre,+93-797-503-8013,25,16000,414,12:25,Female
574,Lian Radband,+62-800-742-8262,53,10000,282,13:44,Female
575,Charla Arnhold,+1-673-134-8068,47,5000,416,15:15,Female
576,Brendon Tulley,+595-724-282-8743,34,13000,500,8:37,Male
577,Chadwick Atthow,+62-140-323-3262,51,17000,135,8:46,Male
578,Flem Brixey,+62-996-724-3020,24,12000,466,11:13,Male
579,Adriana Pellingar,+351-781-873-0658,40,17000,298,17:23,Female
580,Ettore Shovelton,+225-337-941-6874,40,20000,165,20:14,Male
581,Johnathan Simko,+420-793-448-8677,33,16000,488,16:46,Male
582,Cathrine Soanes,+86-475-829-3332,11,17000,238,9:44,Female
583,Christy Margrem,+55-175-665-7055,24,15000,142,7:49,Female
584,Yehudi Chasmar,+27-201-889-9750,43,18000,120,12:54,Male
585,Earle Whiston,+351-345-264-4485,48,19000,303,10:05,Male
586,Chickie Pordall,+86-791-174-5585,35,18000,173,17:54,Female
587,Osbert Buffy,+57-109-535-5263,53,18000,101,19:15,Male
588,Enrika Russe,+81-625-820-4191,52,17000,333,8:31,Female
589,Far Beyer,+63-333-295-7798,61,8000,116,10:11,Male
590,Tedra Rudkin,+86-358-199-7181,32,13000,361,15:58,Female
591,Selestina Kingsley,+62-611-292-8178,44,9000,370,15:06,Female
592,Shoshana Glascott,+256-392-620-3730,56,13000,102,9:16,Genderqueer
593,Cinda O' Clovan,+261-340-593-9395,28,9000,251,14:51,Female
594,Edmon McEvon,+55-866-310-2270,41,17000,87,9:57,Male
595,Giulietta Coopey,+84-824-433-8722,32,10000,402,17:17,Female
596,Gertrudis Faunch,+62-687-193-4029,63,12000,217,8:10,Female
597,Ximenez Swaton,+7-874-934-0129,18,14000,19,14:47,Male
598,Sherry Linsey,+55-247-909-7401,28,13000,259,15:38,Female
599,Giavani Grover,+86-827-603-3782,6,15000,368,15:20,Male
600,Richy Jaggar,+51-648-741-5859,6,15000,169,16:45,Male
601,Cleopatra Bennitt,+63-396-700-6485,52,11000,200,9:16,Female
602,Fayina Addlestone,+7-387-469-7423,61,16000,360,14:49,Female
603,Chrissy Trinbey,+51-918-932-0899,40,19000,373,8:40,Male
604,Verine McClenan,+351-840-700-9839,30,18000,249,12:33,Female
605,Sallie Sacco,+680-174-948-1007,14,17000,89,18:53,Female
606,Dud Kleinerman,+86-219-508-6257,62,13000,450,19:21,Male
607,Gregoor Jaskowicz,+504-674-553-5720,28,14000,406,16:43,Male
608,Jessika Jillings,+63-589-780-8895,24,19000,264,14:48,Female
609,Bride Corre,+57-938-890-1152,14,6000,167,17:10,Female
610,Ashien Kelf,+63-509-317-2907,15,14000,40,18:11,Female
611,Binky McDoual,+380-832-589-2281,43,7000,36,17:01,Male
612,Donna Moizer,+62-796-308-4800,7,18000,423,17:24,Female
613,Gerianna Bannard,+48-484-429-2025,60,19000,50,12:30,Female
614,Margarita Archbald,+86-409-284-6067,27,12000,277,17:02,Female
615,Patrice Brik,+232-941-398-6018,20,11000,370,10:26,Female
616,Gabbie Martinovic,+86-430-532-4221,50,18000,122,12:47,Agender
617,Eldredge Mouget,+420-428-839-8589,64,11000,441,14:21,Male
618,Jozef Harkin,+357-701-929-7388,62,8000,458,19:57,Male
619,Lebbie Furmage,+34-465-360-2589,62,16000,343,18:11,Female
620,Garvy Larrett,+7-964-942-9224,62,14000,389,20:18,Male
621,Noland Wonfar,+225-541-766-7809,17,13000,273,16:46,Male
622,Jaye Hungerford,+1-610-588-5376,16,19000,495,7:22,Male
623,Myrvyn Pomeroy,+51-377-185-3948,54,10000,466,12:28,Male
624,Welbie Darnborough,+7-234-153-8255,49,13000,113,14:13,Male
625,Tildie Balme,+46-607-767-1972,28,9000,334,11:23,Agender
626,Kippar Scotti,+1-385-810-8255,13,7000,191,17:04,Male
627,Sandy Wastling,+62-714-264-6868,33,11000,147,14:16,Female
628,Lyndsey Rosenbusch,+86-411-433-5075,62,8000,284,15:39,Female
629,Leroy Loveday,+63-545-626-3046,7,19000,439,16:19,Male
630,Roxanna Calverley,+359-959-190-5899,57,17000,261,17:58,Female
631,Carlie Kenny,+62-570-358-7327,55,9000,424,16:08,Female
632,Kori Burrells,+62-427-755-6284,6,16000,358,10:19,Genderqueer
633,Alejandrina Kelmere,+81-738-586-9806,57,8000,43,20:52,Female
634,Alta Degoey,+92-800-863-7780,25,15000,266,13:19,Female
635,Lorelei Burberow,+502-656-479-2622,6,6000,177,8:47,Female
636,Chiarra Hornung,+249-610-963-3456,35,15000,10,13:48,Genderfluid
637,Euell Red,+81-901-693-8979,39,15000,181,9:26,Male
638,Gabie Bertwistle,+380-887-526-7341,42,15000,443,13:50,Female
639,Easter Feechan,+389-597-620-9847,42,18000,325,12:33,Female
640,Menard Hesser,+52-311-254-8444,55,7000,446,18:43,Male
641,Blithe Calven,+420-994-501-4268,42,7000,447,13:54,Female
642,Prue Tewes,+63-277-773-4751,34,19000,219,13:20,Female
643,Dorri Jesteco,+30-439-316-8895,24,11000,326,7:34,Female
644,Riobard Kendell,+1-202-466-4803,50,8000,88,10:22,Male
645,Crysta Daubeny,+30-490-651-3506,62,19000,195,12:58,Female
646,Sharl Walesby,+591-635-108-8853,44,15000,259,14:54,Female
647,Arlene Pina,+86-438-225-1837,15,6000,405,16:34,Female
648,Lorrin Shuttell,+249-232-916-7750,57,10000,291,16:49,Female
649,Lock Nottram,+86-293-642-2019,62,16000,188,13:17,Bigender
650,Melisenda Waldocke,+62-763-363-8276,27,8000,187,9:36,Female
651,Delmar Gheeorghie,+66-891-213-3613,50,12000,109,8:29,Male
652,Charlena Drepp,+63-861-322-8894,62,5000,118,10:02,Female
653,Pearline O'Lenechan,+62-263-514-8650,13,7000,84,10:32,Female
654,Cookie Ninnotti,+7-167-716-7080,38,16000,350,9:33,Female
655,Marco Deans,+351-297-153-0109,13,20000,332,12:51,Male
656,Bailie Stogill,+351-611-993-9495,46,8000,233,18:35,Male
657,Eddie Tearny,+86-650-876-8530,59,19000,360,9:49,Non-binary
658,Quinn Key,+51-858-789-8392,60,7000,214,9:03,Female
659,Orelle Mewton,+86-183-795-9206,50,17000,293,18:30,Female
660,Charmane Kenrat,+58-599-991-8750,47,15000,236,13:43,Female
661,Billye Dymott,+7-489-149-0892,7,12000,227,20:15,Female
662,Lucky Kadwallider,+63-444-275-3963,17,15000,169,11:30,Female
663,Jori Boldt,+1-630-887-0966,41,20000,222,19:15,Female
664,Cassaundra McDunlevy,+351-241-150-1016,53,19000,19,19:47,Female
665,Ilaire Currier,+380-459-110-5115,13,13000,224,19:19,Male
666,Burlie Cromblehome,+86-896-594-9614,35,10000,279,16:07,Male
667,Corly Heers,+57-378-930-6996,44,18000,138,7:25,Polygender
668,Sheena Sherrock,+351-163-302-6194,29,13000,11,17:27,Female
669,Garald Beades,+358-328-431-8642,40,14000,314,8:35,Male
670,Clyde Castilla,+420-958-507-8839,14,7000,8,20:06,Male
671,Kitti Marl,+7-921-961-5992,39,11000,37,17:39,Female
672,Everett Ledson,+86-658-978-9413,56,20000,9,17:15,Bigender
673,Leyla Brabbs,+86-969-192-8991,30,5000,439,11:11,Female
674,Aharon Spry,+86-376-492-2114,57,7000,18,12:11,Male
675,Domenico Tidbald,+7-867-118-0629,47,20000,136,7:43,Male
676,Gae Readie,+48-520-330-0432,6,6000,462,13:17,Female
677,Harrison Sayse,+372-403-509-1346,41,8000,188,18:36,Male
678,Odey Phelips,+7-229-818-9734,21,11000,468,15:08,Male
679,Gerhard Goolding,+86-283-934-4734,28,16000,157,18:55,Male
680,Gizela Skillings,+63-150-795-1660,12,9000,221,17:16,Female
681,Honoria Tomasoni,+63-750-217-8807,39,18000,330,7:40,Female
682,Miranda McKillop,+593-190-218-6018,40,10000,86,8:52,Female
683,Lissy Islip,+84-743-556-1443,11,13000,452,19:55,Polygender
684,Brendan Shawyer,+86-715-775-5640,29,6000,126,17:32,Male
685,Harlie Chadburn,+30-559-477-0235,16,12000,60,12:28,Female
686,Keriann Renvoise,+62-637-818-1829,16,11000,465,12:33,Female
687,Ebenezer Yurevich,+502-301-266-1093,54,20000,255,18:16,Genderfluid
688,Victor Billie,+52-116-778-8541,22,8000,267,16:50,Male
689,Alleyn O'Regan,+86-394-719-9294,59,19000,282,13:27,Male
690,Kailey Rodliff,+220-563-494-7865,64,11000,476,12:45,Female
691,Malachi Twoohy,+62-527-716-2968,60,9000,328,12:41,Male
692,Fred Chmarny,+86-292-565-2054,42,15000,336,7:15,Female
693,Griff MacIllrick,+92-945-924-5073,35,7000,373,18:43,Male
694,Hillard Ledstone,+86-535-820-9379,63,15000,123,18:09,Male
695,Cathlene Wysome,+86-339-124-4343,8,10000,167,19:43,Female
696,Sayres Bedson,+52-237-722-8415,63,6000,21,14:54,Male
697,Mikaela Lodin,+590-297-500-0020,33,9000,143,10:01,Female
698,Forest Hughf,+66-525-551-3443,7,14000,145,19:33,Genderqueer
699,Thurston Solomon,+48-918-267-3782,7,7000,369,20:44,Male
700,Jocelyn Lead,+351-599-655-8888,5,16000,319,18:38,Female
701,Lemuel Dannohl,+66-278-465-1368,17,10000,275,8:35,Male
702,Joe Handes,+57-377-781-4678,62,16000,97,17:01,Male
703,Marc Ewles,+81-798-895-4267,5,13000,160,17:16,Male
704,Murial Sprake,+55-844-643-2737,55,20000,201,14:12,Bigender
705,Leanna Etridge,+81-685-237-4569,63,10000,313,12:51,Female
706,Orelle Roswarn,+62-313-166-7849,20,5000,431,13:25,Female
707,Essy Coughlan,+509-639-965-0551,55,8000,251,13:36,Female
708,Faustine Jelliman,+62-691-291-5324,15,17000,378,17:15,Female
709,Hope Menendes,+47-421-473-2885,12,19000,230,16:24,Female
710,Courtenay Mardoll,+351-427-782-2246,10,15000,392,12:13,Non-binary
711,Elvira Ordish,+86-133-344-4859,55,7000,178,12:42,Female
712,Hilary Bamblett,+86-328-723-1705,54,8000,169,7:14,Female
713,Riccardo Hearnah,+1-570-626-0614,65,17000,342,12:50,Male
714,Darell Caswall,+351-505-175-8359,41,10000,57,13:39,Female
715,Harli Jankin,+254-274-969-7119,27,7000,422,11:27,Female
716,Darrin Lillo,+20-230-517-9325,24,10000,403,8:21,Male
717,Rubetta Ivancevic,+86-366-684-4779,45,10000,222,19:02,Female
718,Ramon Radleigh,+260-226-892-6036,42,17000,108,9:11,Male
719,Andi Strong,+7-165-450-7085,31,18000,311,12:16,Female
720,Rosamund Heaselgrave,+62-158-360-0056,48,16000,134,9:54,Female
721,Gwendolin Shoard,+30-397-630-1070,56,10000,128,15:22,Female
722,Gil Dummigan,+55-758-342-4977,41,10000,26,15:08,Male
723,Ashlie McCloy,+62-695-817-5344,6,12000,55,12:00,Female
724,Tyrone Mazzei,+386-141-668-9489,56,9000,61,19:59,Male
725,Will Kenvin,+855-377-990-6566,43,12000,354,14:53,Male
726,Thatch Chimes,+7-221-426-6954,19,15000,498,8:51,Male
727,Aarika Craigmyle,+86-344-979-0672,21,15000,436,16:55,Female
728,Kermy Colborn,+351-655-264-3005,56,7000,165,19:03,Male
729,Lacy Piquard,+86-453-762-1370,10,14000,466,19:30,Female
730,Lorant Chapier,+86-281-886-7521,61,13000,113,15:37,Male
731,Christi Flaherty,+7-711-972-9033,59,13000,48,19:59,Female
732,Margret Timbs,+92-131-343-7150,30,20000,119,7:55,Female
733,Cchaddie Methley,+62-813-409-2257,55,12000,233,9:35,Male
734,Celestina Boram,+7-507-313-0793,50,10000,103,20:06,Bigender
735,Chastity Pocke,+46-609-777-2616,23,17000,446,13:06,Female
736,Orion Burchall,+62-684-773-4354,33,13000,186,14:44,Male
737,Deane Byk,+86-793-278-2660,13,19000,445,11:44,Male
738,Gayel Pietrzyk,+62-285-660-7604,62,18000,161,8:41,Female
739,Kyle Soro,+53-492-545-7950,65,5000,245,12:48,Female
740,Bert Winfindale,+374-307-960-8575,9,10000,235,12:48,Male
741,Clarine McGall,+86-889-354-0769,8,12000,434,14:59,Female
742,Broddy Antonias,+502-690-475-4141,30,18000,39,16:05,Male
743,Jens McAdam,+687-748-765-7068,24,6000,212,7:46,Male
744,Agatha Durrad,+970-573-158-5799,19,17000,153,13:11,Female
745,Agnes Carek,+86-883-749-7212,50,17000,397,18:49,Female
746,Pat Sweetland,+374-496-867-2057,54,11000,177,8:50,Female
747,Vergil Eldridge,+46-941-410-6278,29,11000,298,17:54,Male
748,Emile Brackpool,+86-892-892-4953,37,11000,143,19:59,Male
749,Parsifal Swanbourne,+86-773-669-3540,9,5000,23,19:25,Male
750,Stephannie Calbert,+86-563-979-6202,5,5000,444,7:15,Female
751,Cornie Burnet,+86-489-342-5506,6,9000,153,10:16,Female
752,Godwin Fitt,+63-594-251-4963,37,7000,180,13:38,Male
753,Benedict Margaritelli,+86-499-237-6661,64,11000,249,7:39,Genderfluid
754,Cindelyn Mortlock,+7-962-201-5819,49,16000,223,16:40,Female
755,Addie Organer,+86-654-923-0487,12,17000,424,9:29,Male
756,Merci Toffolo,+46-713-485-7180,10,13000,92,18:08,Female
757,Gawain Tisor,+63-189-990-1199,25,13000,491,18:23,Male
758,Kirbie MacGorley,+504-727-993-4037,6,17000,429,10:40,Female
759,Nicoline Harker,+7-113-257-1758,28,14000,218,7:49,Female
760,Alasdair Forsard,+53-107-440-7998,50,19000,315,18:57,Male
761,Eamon Poulett,+54-592-379-4328,18,9000,29,13:34,Male
762,Janet Blything,+86-649-849-5839,35,18000,372,9:56,Female
763,Felipa Grigorushkin,+95-959-724-8754,35,6000,352,15:55,Genderfluid
764,Maisie Illingworth,+62-186-706-1235,6,9000,50,16:46,Female
765,Diane-marie Embery,+1-317-860-2340,6,9000,287,8:42,Female
766,Lane Ost,+351-560-166-9942,35,6000,469,10:57,Female
767,Ilario Klainman,+386-570-353-2242,51,9000,14,7:14,Male
768,Artur McNickle,+86-655-959-8269,56,15000,132,19:14,Male
769,Kacey Bedboro,+63-637-324-7089,27,9000,425,15:19,Female
770,Odell McGown,+231-880-717-4689,20,12000,74,9:49,Male
771,Babbie Farquhar,+86-403-157-4232,36,20000,209,15:42,Bigender
772,Eveleen Withull,+1-358-428-8926,39,6000,466,15:03,Female
773,Gawen Miettinen,+62-303-205-5898,49,18000,208,10:25,Male
774,Alfreda Cowe,+7-877-485-2589,13,17000,300,20:17,Female
775,Verge Oakley,+27-334-772-6256,42,14000,436,13:15,Male
776,Bearnard Gytesham,+380-628-858-9818,7,20000,281,7:57,Male
777,Wenda Barta,+7-616-110-9475,48,14000,271,20:40,Female
778,Menard Kirkbride,+51-960-618-2960,12,18000,204,10:26,Male
779,Sinclair Dunks,+62-356-493-8493,15,6000,168,10:56,Male
780,Garfield Georgins,+381-899-470-6763,45,14000,198,17:06,Male
781,Bram Craze,+86-222-719-6803,64,14000,253,14:07,Male
782,Sancho Wykes,+7-313-728-8713,44,18000,70,8:33,Male
783,Hatti Tailby,+63-290-994-1145,5,6000,453,12:47,Female
784,Ximenez Dunican,+62-509-653-6736,15,15000,493,11:37,Male
785,Hewett McFarlan,+7-904-458-8613,28,13000,455,9:57,Male
786,Teresina Fliege,+63-793-355-0213,56,8000,87,9:50,Female
787,Valentin Sill,+504-657-435-4812,21,19000,346,19:00,Male
788,Carley Krolle,+389-515-336-5070,12,10000,112,12:45,Female
789,Brad Redley,+62-490-952-7104,25,17000,149,11:20,Male
790,Alexandra Rawstron,+30-229-200-9201,28,17000,367,12:32,Female
791,Harrietta Bridgeman,+358-371-112-8031,41,12000,143,7:02,Female
792,Palm Gerin,+86-964-369-8621,63,10000,458,14:15,Male
793,Somerset Rendall,+63-818-976-1427,8,16000,184,12:59,Male
794,Audra Millican,+995-192-511-0527,41,16000,412,19:36,Female
795,Glynn Poulson,+7-298-955-5330,22,15000,205,16:03,Male
796,Edik Beebis,+351-553-626-3356,14,8000,6,7:07,Genderfluid
797,Joyous Emerton,+86-530-960-6648,12,11000,389,13:56,Female
798,Iago Eames,+593-552-798-7042,65,15000,258,18:56,Male
799,Cornelia Draye,+63-410-757-2351,51,16000,401,12:09,Female
800,Merle Lawrenceson,+355-612-657-7065,56,7000,245,10:05,Female
801,Baillie Swinburne,+86-751-575-9976,7,13000,192,10:18,Male
802,Fleur Matheson,+963-162-680-5760,60,13000,285,18:45,Female
803,Sena Tacker,+351-928-160-8896,60,12000,305,16:38,Genderfluid
804,Imelda Brezlaw,+358-455-344-7227,46,17000,288,7:08,Female
805,Delmore Hockell,+1-843-625-8005,15,16000,350,9:58,Male
806,Patrice Farman,+86-968-200-5539,61,6000,313,14:06,Male
807,Lonnie Gieraths,+7-819-386-5052,29,7000,130,14:08,Female
808,Gretchen Coning,+351-843-566-4142,39,13000,4,17:28,Agender
809,Birdie Hartright,+963-667-586-9527,32,11000,306,11:33,Female
810,Fanya Dennitts,+63-752-942-8123,59,19000,413,17:40,Agender
811,Venus Grollmann,+48-789-599-8448,53,20000,320,10:07,Genderqueer
812,Lilian Ibbetson,+46-486-388-5735,31,14000,438,14:04,Female
813,Alastair Staniland,+94-119-641-9166,5,10000,418,16:41,Male
814,Gale Skettles,+63-942-933-4858,16,11000,445,18:43,Male
815,Ibrahim Kupis,+62-496-182-4906,25,13000,89,13:13,Male
816,Silvain Emblow,+86-685-721-2720,28,13000,454,11:45,Male
817,Cammi Shoubridge,+62-534-339-0158,12,6000,194,10:57,Female
818,Elsey Lean,+62-971-130-7172,23,10000,36,16:37,Female
819,Dukie Bellamy,+86-703-211-7395,16,17000,390,15:21,Male
820,Maurie Hatfull,+63-576-301-3514,48,17000,330,11:56,Male
821,Stevy Sayles,+63-994-552-2839,17,10000,25,20:01,Male
822,Kari Hoble,+1-461-363-4956,13,14000,434,14:37,Female
823,Dew Francklyn,+86-972-379-0205,32,9000,341,16:11,Male
824,Onfroi Braznell,+242-905-646-2913,11,9000,120,8:06,Male
825,Dewain Dunsire,+352-381-588-2831,26,13000,199,9:10,Male
826,Tanhya Plumstead,+62-798-406-0621,17,14000,296,10:16,Female
827,Bridgette Loftin,+880-123-278-2820,57,8000,181,20:33,Female
828,Corette Pratte,+46-255-485-2791,43,8000,432,11:42,Female
829,Shem Gales,+86-680-939-3957,40,6000,291,11:06,Male
830,Nye Wheal,+62-406-980-8468,12,14000,103,18:24,Male
831,Mandy Cahan,+63-344-162-9735,25,12000,457,17:42,Female
832,Terza Duxbarry,+501-942-887-8174,17,13000,177,16:25,Female
833,Nanete Bish,+351-439-315-1016,21,20000,146,14:54,Female
834,Josselyn Seawell,+62-992-110-0160,31,8000,392,10:02,Female
835,Rhett Quilkin,+63-628-493-2698,21,10000,325,20:33,Male
836,Jo ann Cullotey,+86-328-512-0545,64,13000,83,19:19,Female
837,Corry Mullinger,+81-971-276-0269,12,8000,260,20:57,Female
838,Lina Sherrett,+1-492-594-3450,61,11000,62,20:43,Female
839,Liana Ferrino,+62-247-301-2979,20,17000,153,18:09,Female
840,Nancy Gobell,+261-574-675-6160,10,7000,149,8:19,Female
841,Kahaleel Mc Andrew,+48-130-731-1792,54,14000,359,19:35,Male
842,Scarlett Duchart,+46-786-835-0297,29,18000,298,13:16,Female
843,Abra Wrotham,+380-627-942-0293,53,16000,203,9:15,Female
844,Laurence Edmundson,+55-517-989-1486,22,11000,280,18:13,Male
845,Wilhelm Stockney,+352-735-733-6105,54,15000,51,19:16,Male
846,Gregor Bydaway,+33-636-791-5526,48,16000,232,8:19,Male
847,Lotty Meffin,+55-565-761-4770,6,14000,251,7:47,Female
848,Tyler Barensky,+86-780-369-7824,11,20000,363,16:05,Non-binary
849,Muriel MacMurray,+86-218-390-1686,16,18000,482,10:52,Female
850,Hally Eggerton,+62-772-927-4215,30,11000,243,7:49,Female
851,Sarette Dowdam,+386-480-678-9973,55,7000,403,8:20,Female
852,Sasha Fairlam,+355-715-737-3153,39,12000,496,16:32,Female
853,Nickie Richardes,+86-626-126-7847,45,19000,228,13:37,Male
854,Annalise Ivanisov,+62-252-783-7260,54,8000,400,7:43,Female
855,Loleta Titchmarsh,+964-525-292-9446,51,7000,374,20:47,Female
856,Clerkclaude Hakewell,+62-504-489-5686,59,7000,430,9:50,Male
857,Zane Tattersdill,+51-625-176-1440,30,5000,13,19:10,Male
858,Tanhya Le Pine,+62-405-443-4552,39,6000,494,18:03,Female
859,Rhoda Pennazzi,+420-557-437-7126,19,6000,216,20:21,Female
860,Rodrick Siddele,+351-434-813-4891,65,16000,199,13:30,Male
861,Rollins Birchett,+54-617-472-3363,7,5000,307,13:50,Male
862,Dickie Tharme,+30-936-775-3197,65,12000,311,17:26,Male
863,Corella Kempson,+7-348-684-3306,49,14000,442,14:12,Female
864,Torey Petracco,+48-849-480-1696,46,8000,133,10:29,Male
865,Nataniel Moles,+86-223-796-1575,20,12000,22,12:57,Male
866,Vonni Hammatt,+54-812-923-6384,24,15000,347,11:33,Female
867,Orelia Disdel,+62-452-523-9716,6,11000,480,17:09,Female
868,Bunnie Jayes,+58-212-346-9708,60,9000,428,9:08,Female
869,Cullen Curtayne,+33-957-786-2924,65,12000,34,15:49,Male
870,Ralph Baudasso,+62-243-435-8502,6,9000,378,8:32,Male
871,Elisabeth Itzhaki,+358-837-952-1765,12,16000,144,20:58,Genderqueer
872,Wally Ney,+46-306-997-5455,56,17000,52,13:51,Male
873,Muffin Quaintance,+92-480-623-1894,40,7000,436,11:16,Male
874,Rudyard Ledwitch,+62-591-328-3263,44,17000,29,17:50,Male
875,Verne Cawker,+381-899-290-4239,51,14000,371,19:39,Male
876,Drucy Simmig,+358-562-636-8549,19,14000,148,13:47,Female
877,Rory Antonich,+86-652-865-6502,33,7000,265,7:27,Male
878,Baillie Killelay,+7-704-386-4929,33,11000,49,20:30,Male
879,Adrienne Richin,+7-196-856-9668,6,11000,439,11:38,Female
880,Randi Otley,+51-509-623-2076,12,7000,476,19:40,Female
881,Gradey Girardeau,+358-731-307-8669,26,17000,306,17:40,Male
882,Hermia Birkinshaw,+52-904-237-8964,46,10000,393,14:45,Female
883,Buckie Palfreman,+52-100-523-6176,27,6000,348,9:14,Male
884,Laurent Lethcoe,+86-304-317-5161,55,19000,467,16:50,Male
885,Tova Hastelow,+880-148-898-5084,62,7000,68,13:18,Female
886,Aurore Colliss,+62-679-915-7178,8,8000,24,13:49,Female
887,Nicky Smalridge,+86-253-345-1986,5,16000,106,15:44,Male
888,Francis Flowerden,+62-936-780-5641,14,9000,143,18:28,Male
889,Desdemona Mullinder,+220-136-401-2482,31,19000,366,13:51,Female
890,Whitney Petrashov,+381-809-600-0318,44,14000,115,13:44,Female
891,Arlan Snaden,+54-993-847-7885,10,16000,2,7:28,Male
892,Heindrick Ramirez,+46-528-429-7287,44,15000,130,9:05,Male
893,Joly Mateos,+55-363-772-1477,43,8000,338,10:59,Female
894,Nonie Bowerbank,+63-400-830-2504,21,12000,271,10:00,Female
895,Jilleen Lorenc,+58-790-227-1520,14,18000,14,17:24,Female
896,Gayelord Standish,+255-852-724-0654,31,10000,181,18:27,Male
897,Merill Tring,+7-891-295-8426,5,12000,89,19:15,Male
898,Ellsworth Bradly,+93-254-390-4898,6,18000,388,10:49,Male
899,Marsha Matzke,+880-650-958-4941,61,12000,310,11:35,Polygender
900,Imelda Lelievre,+7-727-703-0742,6,6000,462,19:04,Agender
901,Tyrus Bolf,+371-526-102-3939,43,16000,18,16:03,Male
902,Cyb Payley,+86-569-632-0350,40,19000,316,8:11,Female
903,Tiff Puckett,+55-120-219-7507,14,20000,249,9:57,Female
904,Nicky Feare,+86-373-289-1659,13,12000,195,18:20,Male
905,Woodrow Joost,+31-571-897-0233,19,19000,98,11:50,Male
906,Lark Lief,+380-599-191-8735,23,11000,214,7:10,Female
907,Alma Cale,+86-175-220-6666,27,18000,153,13:28,Female
908,Morly Ivanilov,+55-489-977-1462,38,9000,299,10:58,Male
909,Hercule Vannar,+62-619-699-7308,53,14000,362,13:01,Male
910,Evvie Remon,+229-966-265-7499,10,20000,465,10:57,Female
911,Pattin Gummow,+381-632-695-2895,9,14000,251,16:57,Male
912,Roseline Helks,+86-146-788-4616,51,16000,434,9:58,Non-binary
913,Doyle Cosbee,+7-937-437-5796,43,6000,494,18:38,Male
914,Kurtis Jersch,+55-621-652-2263,20,7000,208,20:38,Male
915,Ermin Esberger,+502-187-594-7363,53,6000,157,10:59,Male
916,Ian Coatman,+81-857-492-2850,45,18000,406,20:14,Male
917,Carrissa Moorman,+62-522-509-3382,21,13000,284,13:28,Female
918,Helenelizabeth Dripps,+358-787-910-0584,21,15000,472,19:25,Female
919,Selena Krojn,+974-291-111-1691,30,14000,22,14:47,Female
920,Alyse Wisniowski,+66-762-980-0224,8,6000,440,20:44,Female
921,Aimee Peachey,+86-251-232-4042,40,18000,93,8:34,Female
922,Abbe Denton,+7-148-906-2286,9,8000,466,12:20,Male
923,Kathye Machen,+86-658-487-6261,36,18000,378,17:54,Genderfluid
924,Royal Manach,+60-424-381-1507,41,18000,355,11:18,Male
925,Harmonie Guille,+380-365-539-9365,48,10000,2,8:20,Female
926,Wandis Kloster,+389-236-866-8988,14,13000,487,9:51,Agender
927,Brendan Barensen,+52-288-540-2491,48,16000,481,14:40,Male
928,Kenn Havile,+60-701-810-5990,48,16000,71,18:48,Male
929,Karol Odo,+60-642-532-8278,25,11000,248,17:43,Female
930,Karlan Wilhelmy,+420-732-975-1204,59,10000,62,15:30,Male
931,Dougy Stelljes,+57-169-618-4498,41,10000,60,10:52,Male
932,Shandie Ibbotson,+242-966-584-7111,6,9000,462,8:03,Female
933,Vania Musker,+48-762-987-9765,38,12000,206,16:28,Female
934,Yettie Simenot,+351-577-362-0945,14,7000,136,10:57,Female
935,Caressa Marfield,+232-551-211-8003,59,6000,68,8:11,Female
936,Ninnette McArte,+86-819-914-5069,37,15000,100,20:31,Female
937,Eadith Royan,+251-901-242-6165,46,20000,324,18:06,Female
938,Nickolas Crone,+86-910-850-2840,31,5000,133,16:05,Male
939,Mychal Brideau,+1-816-792-9623,48,6000,256,17:57,Male
940,Evy MacRanald,+86-541-647-2402,63,20000,28,19:51,Female
941,Shadow Gahagan,+86-542-544-1705,46,8000,143,13:18,Male
942,Abbey Van Hove,+46-120-155-1438,60,19000,216,8:05,Male
943,Kassey McConnulty,+52-972-951-9471,50,12000,451,20:29,Female
944,Heywood Connett,+51-564-351-2001,9,13000,359,13:46,Male
945,Nariko O'Dunniom,+970-878-124-5017,37,13000,484,14:43,Female
946,Erhart Ricold,+86-757-870-3497,43,15000,352,11:15,Male
947,Hussein Duffin,+62-170-767-2851,26,12000,89,17:29,Agender
948,Dougie Bunkle,+380-974-443-1413,29,20000,134,17:11,Male
949,Beryle Klesel,+249-602-447-6342,17,20000,15,18:33,Female
950,Korey Shrubshall,+55-126-644-8073,43,7000,141,15:47,Male
951,Tannie Pegrum,+48-197-857-5911,36,20000,497,15:35,Male
952,Jeramie Ferens,+7-905-347-5302,23,18000,439,20:23,Polygender
953,Jimmy McEneny,+86-388-955-0180,32,8000,75,18:25,Male
954,Odelia Walczak,+1-323-841-6550,45,16000,104,17:39,Female
955,Wallace Jobbins,+1-581-517-2465,35,12000,462,12:07,Male
956,Malynda Villiers,+385-772-221-3435,12,9000,474,16:41,Female
957,Lazare Boutflour,+86-586-563-6757,14,15000,200,8:46,Male
958,Ashla Bramwich,+55-255-729-2608,55,9000,499,9:25,Female
959,Keane Stonehouse,+995-709-236-8001,24,12000,258,15:36,Male
960,Merilee Jaggard,+63-772-709-0753,41,20000,406,17:13,Female
961,Livvie McMyler,+86-769-775-5495,49,14000,465,17:55,Bigender
962,Ellswerth Corbally,+53-872-796-6744,55,13000,209,18:08,Male
963,Carmencita Bittlestone,+62-867-433-4002,35,13000,135,15:47,Female
964,Fawnia Weldrake,+20-596-682-4762,59,5000,405,19:45,Female
965,Kerrin Colton,+387-959-502-0968,50,19000,425,20:13,Female
966,Randal Kittredge,+86-631-109-4887,60,17000,283,19:24,Male
967,Nataline Patten,+86-182-776-7385,15,17000,257,11:32,Female
968,Genni Gumme,+7-910-174-4146,46,6000,231,14:45,Female
969,Dehlia Guillain,+381-972-806-2455,58,12000,355,18:35,Female
970,Bobinette Carncross,+46-995-910-5012,46,19000,277,17:36,Female
971,Cathrin Ellerey,+48-245-301-7673,62,9000,296,7:27,Female
972,Mei Magog,+86-776-520-7321,44,15000,470,13:07,Female
973,Nora Stanley,+92-194-486-5024,63,20000,377,15:46,Female
974,Zane Scroxton,+98-755-270-2442,51,5000,208,20:11,Genderqueer
975,Charmane Gask,+30-221-122-3593,7,6000,401,13:11,Non-binary
976,Anders Kaysor,+86-424-156-7519,21,9000,47,7:52,Male
977,Jaimie Collimore,+81-139-998-7636,10,13000,143,16:51,Male
978,Pamelina De Mattia,+86-767-882-2568,46,6000,76,19:44,Genderqueer
979,Barty Tompkin,+55-149-330-2989,50,19000,202,8:36,Male
980,Adler Faers,+86-697-674-7025,47,5000,185,13:15,Male
981,Lucinda Munkton,+7-244-199-5243,53,11000,230,16:18,Agender
982,Kirby De Gouy,+62-129-908-1365,17,10000,392,13:17,Female
983,Gabbey Delort,+55-622-251-6969,18,16000,130,18:47,Female
984,Sax Gilkison,+7-501-387-6193,45,14000,340,12:34,Male
985,Odelle MacKim,+502-331-265-9220,64,14000,201,15:45,Female
986,Sascha Lyver,+48-873-182-0900,7,8000,215,18:38,Male
987,Veronike Mylchreest,+7-188-932-5300,41,18000,188,12:54,Female
988,Evangelin Jahner,+7-641-112-1192,6,13000,329,9:44,Female
989,Magnum Fruchter,+380-828-427-2041,46,17000,119,16:08,Male
990,Hilarius Gillinghams,+62-648-205-8975,50,12000,259,18:14,Male
991,Clary Laneham,+62-374-525-8365,11,15000,369,10:05,Female
992,Lindsey Gniewosz,+48-889-619-3280,11,13000,184,18:59,Female
993,Stesha Baudin,+48-353-171-1532,33,7000,31,14:23,Female
994,Cletis Buckie,+237-933-919-9355,53,20000,449,18:56,Male
995,Rosemary Isac,+1-786-665-7957,45,19000,454,17:58,Female
996,Ranee Leedal,+501-711-806-7303,55,13000,2,19:24,Female
997,Halsey Richarz,+251-218-371-7333,21,18000,221,9:52,Male
998,Kalinda Lamers,+234-777-332-1672,31,16000,356,19:59,Female
999,Pippo Rysom,+66-513-270-0388,28,7000,71,7:25,Male
1000,Willetta Joskowicz,+81-741-198-8920,39,6000,240,15:14,Female
,,,,,,,
,,,,,,,
,,,,,,,
,,,,,,,
,,,,,,,
,,,,,,,
,,,,,,,
,,,,,,,
,,,,,,,
,,,,,,,
,,,,,,,
,,,,,,,
,,,,,,,
,,,,,,,
,,,,,,,
,,,,,,,
,,,,,,,
,,,,,,,
,,,,,,,
,,,,,,,
,,,,,,,
,,,,,,,
,,,,,,,
,,,,,,,
,,,,,,,
,,,,,,,
,,,,,,,
,,,,,,,
,,,,,,,
,,,,,,,
,,,,,,,
,,,,,,,
,,,,,,,
,,,,,,,
,,,,,,,
,,,,,,,
,,,,,,,
,,,,,,,
,,,,,,,
,,,,,,,
,,,,,,,
,,,,,,,
,,,,,,,
,,,,,,,
,,,,,,,
,,,,,,,
,,,,,,,
,,,,,,,
,,,,,,,
,,,,,,,
,,,,,,,
,,,,,,,
,,,,,,,
,,,,,,,
,,,,,,,
,,,,,,,
,,,,,,,
,,,,,,,
,,,,,,,
,,,,,,,
,,,,,,,
,,,,,,,
,,,,,,,
,,,,,,,
,,,,,,,
,,,,,,,
,,,,,,,
,,,,,,,
,,,,,,,
,,,,,,,
,,,,,,,
,,,,,,,
,,,,,,,
,,,,,,,
,,,,,,,
,,,,,,,
,,,,,,,
,,,,,,,
,,,,,,,
,,,,,,,
,,,,,,,
,,,,,,,
,,,,,,,
,,,,,,,
,,,,,,,
,,,,,,,
,,,,,,,
,,,,,,,
,,,,,,,
,,,,,,,
,,,,,,,
,,,,,,,
,,,,,,,
,,,,,,,
,,,,,,,
,,,,,,,
,,,,,,,
,,,,,,,
,,,,,,,
,,,,,,,
,,,,,,,
,,,,,,,
,,,,,,,
,,,,,,,
,,,,,,,
,,,,,,,
,,,,,,,
,,,,,,,
,,,,,,,
,,,,,,,
,,,,,,,
,,,,,,,
,,,,,,,
,,,,,,,
,,,,,,,
,,,,,,,
,,,,,,,
,,,,,,,
,,,,,,,
,,,,,,,
,,,,,,,
,,,,,,,
,,,,,,,
,,,,,,,
,,,,,,,
,,,,,,,
,,,,,,,
,,,,,,,
,,,,,,,
,,,,,,,
,,,,,,,
,,,,,,,
,,,,,,,
,,,,,,,
,,,,,,,
,,,,,,,
,,,,,,,
,,,,,,,
,,,,,,,
,,,,,,,
,,,,,,,
,,,,,,,
,,,,,,,
,,,,,,,
,,,,,,,
,,,,,,,
,,,,,,,
,,,,,,,
,,,,,,,
,,,,,,,
,,,,,,,
,,,,,,,
,,,,,,,
,,,,,,,
,,,,,,,
,,,,,,,
,,,,,,,
,,,,,,,
,,,,,,,
,,,,,,,
,,,,,,,
,,,,,,,
,,,,,,,
,,,,,,,
,,,,,,,
,,,,,,,
,,,,,,,
,,,,,,,
,,,,,,,
,,,,,,,
,,,,,,,
,,,,,,,
,,,,,,,
,,,,,,,
,,,,,,,
,,,,,,,
,,,,,,,
,,,,,,,
,,,,,,,
,,,,,,,
,,,,,,,
,,,,,,,
,,,,,,,
,,,,,,,
,,,,,,,
,,,,,,,
,,,,,,,
,,,,,,,
,,,,,,,
,,,,,,,
,,,,,,,
,,,,,,,
,,,,,,,
,,,,,,,
,,,,,,,
,,,,,,,
,,,,,,,
,,,,,,,
,,,,,,,
,,,,,,,
,,,,,,,
,,,,,,,
,,,,,,,
,,,,,,,
,,,,,,,
,,,,,,,
,,,,,,,
,,,,,,,
,,,,,,,
,,,,,,,
,,,,,,,
,,,,,,,
,,,,,,,
,,,,,,,
,,,,,,,
,,,,,,,
,,,,,,,
,,,,,,,
,,,,,,,
,,,,,,,
,,,,,,,
,,,,,,,
,,,,,,,
,,,,,,,
,,,,,,,
,,,,,,,
,,,,,,,
,,,,,,,
,,,,,,,
,,,,,,,
,,,,,,,
,,,,,,,
,,,,,,,
,,,,,,,
,,,,,,,
,,,,,,,
,,,,,,,
,,,,,,,
,,,,,,,
,,,,,,,
,,,,,,,
,,,,,,,
,,,,,,,
,,,,,,,
,,,,,,,
,,,,,,,
,,,,,,,
,,,,,,,
,,,,,,,
,,,,,,,
,,,,,,,
,,,,,,,
,,,,,,,
,,,,,,,
,,,,,,,
,,,,,,,
,,,,,,,
,,,,,,,
,,,,,,,
,,,,,,,
,,,,,,,
,,,,,,,
,,,,,,,
,,,,,,,
,,,,,,,
,,,,,,,
,,,,,,,
,,,,,,,
,,,,,,,
,,,,,,,
,,,,,,,
,,,,,,,
,,,,,,,
,,,,,,,
,,,,,,,
,,,,,,,
,,,,,,,
,,,,,,,
,,,,,,,
,,,,,,,
,,,,,,,
,,,,,,,
,,,,,,,
,,,,,,,
,,,,,,,
,,,,,,,
,,,,,,,
,,,,,,,
,,,,,,,
,,,,,,,
,,,,,,,
,,,,,,,
,,,,,,,
,,,,,,,
,,,,,,,
,,,,,,,
,,,,,,,
,,,,,,,
,,,,,,,
,,,,,,,
,,,,,,,
,,,,,,,
,,,,,,,
,,,,,,,
,,,,,,,
,,,,,,,
,,,,,,,
,,,,,,,
,,,,,,,
,,,,,,,
,,,,,,,
,,,,,,,
,,,,,,,
,,,,,,,
,,,,,,,
,,,,,,,
,,,,,,,
,,,,,,,
,,,,,,,
,,,,,,,
,,,,,,,
,,,,,,,
,,,,,,,
,,,,,,,
,,,,,,,
,,,,,,,
,,,,,,,
,,,,,,,
,,,,,,,
,,,,,,,
,,,,,,,
,,,,,,,
,,,,,,,
,,,,,,,
,,,,,,,
,,,,,,,
,,,,,,,
,,,,,,,
,,,,,,,
,,,,,,,
,,,,,,,
,,,,,,,
,,,,,,,
,,,,,,,
,,,,,,,
,,,,,,,
,,,,,,,
,,,,,,,
,,,,,,,
,,,,,,,
,,,,,,,
,,,,,,,
,,,,,,,
,,,,,,,
,,,,,,,
,,,,,,,
,,,,,,,
,,,,,,,
,,,,,,,
,,,,,,,
,,,,,,,
,,,,,,,
,,,,,,,
,,,,,,,
,,,,,,,
,,,,,,,
,,,,,,,
,,,,,,,
,,,,,,,
,,,,,,,
,,,,,,,
,,,,,,,
,,,,,,,
,,,,,,,
,,,,,,,
,,,,,,,
,,,,,,,
,,,,,,,
,,,,,,,
,,,,,,,
,,,,,,,
,,,,,,,
,,,,,,,
,,,,,,,
,,,,,,,
,,,,,,,
,,,,,,,
,,,,,,,
,,,,,,,
,,,,,,,
,,,,,,,
,,,,,,,
,,,,,,,
,,,,,,,
,,,,,,,
,,,,,,,
,,,,,,,
,,,,,,,
,,,,,,,
,,,,,,,
,,,,,,,
,,,,,,,
,,,,,,,
,,,,,,,
,,,,,,,
,,,,,,,
,,,,,,,
,,,,,,,
,,,,,,,
,,,,,,,
,,,,,,,
,,,,,,,
,,,,,,,
,,,,,,,
,,,,,,,
,,,,,,,
,,,,,,,
,,,,,,,
,,,,,,,
,,,,,,,
,,,,,,,
,,,,,,,
,,,,,,,
,,,,,,,
,,,,,,,
,,,,,,,
,,,,,,,
,,,,,,,
,,,,,,,
,,,,,,,
,,,,,,,
,,,,,,,
,,,,,,,
,,,,,,,
,,,,,,,
,,,,,,,
,,,,,,,
,,,,,,,
,,,,,,,
,,,,,,,
,,,,,,,
,,,,,,,
,,,,,,,
,,,,,,,
,,,,,,,
,,,,,,,
,,,,,,,
,,,,,,,
,,,,,,,
,,,,,,,
,,,,,,,
,,,,,,,
,,,,,,,
,,,,,,,
,,,,,,,
,,,,,,,
,,,,,,,
,,,,,,,
,,,,,,,
,,,,,,,
,,,,,,,
,,,,,,,
,,,,,,,
,,,,,,,
,,,,,,,
,,,,,,,
,,,,,,,
,,,,,,,
,,,,,,,
,,,,,,,
,,,,,,,
,,,,,,,
,,,,,,,
,,,,,,,
,,,,,,,
,,,,,,,
,,,,,,,
,,,,,,,
,,,,,,,
,,,,,,,
,,,,,,,
,,,,,,,
,,,,,,,
,,,,,,,
,,,,,,,
,,,,,,,
,,,,,,,
,,,,,,,
,,,,,,,
,,,,,,,
,,,,,,,
,,,,,,,
,,,,,,,
,,,,,,,
,,,,,,,
,,,,,,,
,,,,,,,
,,,,,,,
,,,,,,,
,,,,,,,
